what,kind,bundleId,bundleVersion,description,time
started,bundle,org.eclipse.team.ui,3.5.100.I20100527-0800,"org.eclipse.team.ui",1284457154468
started,bundle,org.eclipse.ui,3.6.0.I20100603-1100,"org.eclipse.ui",1284457154468
started,bundle,org.eclipse.ui.console,3.5.0.v20100526,"org.eclipse.ui.console",1284457154468
started,bundle,org.eclipse.ui.editors,3.6.0.v20100520-0800,"org.eclipse.ui.editors",1284457154468
started,bundle,org.eclipse.ui.forms,3.5.0.v20100427,"org.eclipse.ui.forms",1284457154468
started,bundle,org.eclipse.ui.ide,3.6.0.I20100601-0800,"org.eclipse.ui.ide",1284457154468
started,bundle,org.eclipse.ui.navigator,3.5.0.I20100601-0800,"org.eclipse.ui.navigator",1284457154468
started,bundle,org.eclipse.ui.navigator.resources,3.4.200.I20100601-0800,"org.eclipse.ui.navigator.resources",1284457154468
started,bundle,org.eclipse.ui.net,1.2.100.I20100505-1245,"org.eclipse.ui.net",1284457154468
started,bundle,org.eclipse.ui.views,3.5.0.I20100527-0800,"org.eclipse.ui.views",1284457154468
started,bundle,org.eclipse.ui.workbench,3.6.0.I20100603-1100,"org.eclipse.ui.workbench",1284457154468
started,bundle,org.eclipse.ui.workbench.texteditor,3.6.0.v20100520-0800,"org.eclipse.ui.workbench.texteditor",1284457154468
started,bundle,org.eclipse.update.configurator,3.3.100.v20100512,"org.eclipse.update.configurator",1284457154468
started,bundle,org.eclipse.update.core,3.2.400.v20100512,"org.eclipse.update.core",1284457154468
started,bundle,org.eclipse.update.scheduler,3.2.300.v20100512,"org.eclipse.update.scheduler",1284457154468
started,bundle,org.eclipse.e4.ui.css.swt,0.9.1.v20100726-2030,"org.eclipse.e4.ui.css.swt",1284457154468
started,bundle,org.eclipse.e4.ui.css.swt.theme,0.9.0.v20100723-1830,"org.eclipse.e4.ui.css.swt.theme",1284457154468
started,bundle,org.eclipse.wst.jsdt.core,1.1.0.v201006030738,"org.eclipse.wst.jsdt.core",1284457154468
started,bundle,org.eclipse.wst.jsdt.manipulation,1.0.200.v201004150600,"org.eclipse.wst.jsdt.manipulation",1284457154468
started,bundle,org.eclipse.wst.jsdt.ui,1.1.0.v201005200157,"org.eclipse.wst.jsdt.ui",1284457154468
started,bundle,org.eclipse.jdt.core,3.6.0.xx-20100811-1700-e36,"org.eclipse.jdt.core",1284457154468
started,bundle,org.eclipse.mylyn.bugzilla.core,3.4.0.v20100730-0100-e3x,"org.eclipse.mylyn.bugzilla.core",1284457154468
started,bundle,org.eclipse.mylyn.bugzilla.ui,3.4.0.v20100730-0100-e3x,"org.eclipse.mylyn.bugzilla.ui",1284457154468
started,bundle,org.eclipse.mylyn.commons.net,3.4.1.v20100625-2100-e3x,"org.eclipse.mylyn.commons.net",1284457154468
started,bundle,org.eclipse.mylyn.context.ui,3.4.0.v20100730-0100-e3x,"org.eclipse.mylyn.context.ui",1284457154468
started,bundle,org.eclipse.mylyn.tasks.ui,3.4.1.v20100730-0100-e3x,"org.eclipse.mylyn.tasks.ui",1284457154468
started,bundle,org.eclipse.egit.core,0.8.4,"org.eclipse.egit.core",1284457154468
started,bundle,org.eclipse.egit.ui,0.8.4,"org.eclipse.egit.ui",1284457154468
started,bundle,org.eclipse.jgit,0.8.4,"org.eclipse.jgit",1284457154468
started,bundle,org.eclipse.contribution.weaving.jdt,2.1.1.e36x-20100831-1400,"org.eclipse.contribution.weaving.jdt",1284457154468
started,bundle,org.eclipse.equinox.weaving.aspectj,1.0.0.v20100503,"org.eclipse.equinox.weaving.aspectj",1284457154468
started,bundle,org.scala-ide.sdt.aspects,1.0.0.201009010421,"org.scala-ide.sdt.aspects",1284457154468
started,bundle,org.scala-ide.sdt.core,1.0.0.201009010421,"org.scala-ide.sdt.core",1284457154468
os,sysinfo,,,"win32",1284457154468
arch,sysinfo,,,"x86",1284457154468
ws,sysinfo,,,"win32",1284457154468
locale,sysinfo,,,"de_DE",1284457154468
processors,sysinfo,,,"2",1284457154468
java.runtime.name,sysinfo,,,"Java(TM) SE Runtime Environment",1284457154468
java.runtime.version,sysinfo,,,"1.6.0_21-b07",1284457154468
java.specification.name,sysinfo,,,"Java Platform API Specification",1284457154468
java.specification.vendor,sysinfo,,,"Sun Microsystems Inc.",1284457154468
java.specification.version,sysinfo,,,"1.6",1284457154468
java.vendor,sysinfo,,,"Sun Microsystems Inc.",1284457154468
java.version,sysinfo,,,"1.6.0_21",1284457154468
java.vm.info,sysinfo,,,"mixed mode",1284457154468
java.vm.name,sysinfo,,,"Java HotSpot(TM) Client VM",1284457154468
java.vm.specification.name,sysinfo,,,"Java Virtual Machine Specification",1284457154468
java.vm.specification.vendor,sysinfo,,,"Sun Microsystems Inc.",1284457154468
java.vm.specification.version,sysinfo,,,"1.0",1284457154468
java.vm.vendor,sysinfo,,,"Sun Microsystems Inc.",1284457154468
java.vm.version,sysinfo,,,"17.0-b17",1284457154468
started,bundle,org.eclipse.ui.resources.semantic,0.1.0.v20100506-0936,"org.eclipse.ui.resources.semantic",1284457154578
started,bundle,org.eclipse.core.resources.semantic,0.3.0.v20100506-0936,"org.eclipse.core.resources.semantic",1284457154578
no handler,command,org.eclipse.ui,3.6.0.I20100603-1100,"org.eclipse.ui.file.refresh",1284457159859
no handler,command,org.eclipse.ui,3.6.0.I20100603-1100,"org.eclipse.ui.file.refresh",1284457163968
no handler,command,org.eclipse.ui,3.6.0.I20100603-1100,"org.eclipse.ui.file.refresh",1284457167312
started,bundle,org.eclipse.ltk.core.refactoring,3.5.100.v20100526-0800,"org.eclipse.ltk.core.refactoring",1284457169140
started,bundle,org.codehaus.groovy.eclipse.core,2.0.2.xx-20100811-1700-e36,"org.codehaus.groovy.eclipse.core",1284457169156
started,bundle,org.eclipse.jdt.debug,3.6.0.v20100526,"org.eclipse.jdt.debug",1284457169218
started,bundle,org.eclipse.debug.ui,3.6.0.v20100601-1530,"org.eclipse.debug.ui",1284457169296
started,bundle,org.eclipse.jdt.debug.ui,3.5.0.v20100602-0830,"org.eclipse.jdt.debug.ui",1284457169593
started,bundle,org.codehaus.groovy,1.7.3.xx-20100811-1700-e36,"org.codehaus.groovy",1284457169593
started,bundle,org.codehaus.groovy.eclipse.ui,2.0.2.xx-20100811-1700-e36,"org.codehaus.groovy.eclipse.ui",1284457170250
started,bundle,org.eclipse.jdt.groovy.core,2.0.2.xx-20100811-1700-e36,"org.eclipse.jdt.groovy.core",1284457170875
started,bundle,org.codehaus.groovy.eclipse.codebrowsing,2.0.2.xx-20100811-1700-e36,"org.codehaus.groovy.eclipse.codebrowsing",1284457171109
started,bundle,org.codehaus.groovy.eclipse.refactoring,2.0.2.xx-20100811-1700-e36,"org.codehaus.groovy.eclipse.refactoring",1284457178000
started,bundle,org.eclipse.ltk.ui.refactoring,3.5.0.v20100526-0800,"org.eclipse.ltk.ui.refactoring",1284457178921
started,bundle,org.eclipse.compare.core,3.5.100.I20100526-0800,"org.eclipse.compare.core",1284457179218
opened,editor,org.codehaus.groovy.eclipse.ui,2.0.2.xx-20100811-1700-e36,"org.codehaus.groovy.eclipse.editor.GroovyEditor",1284457180328
started,bundle,org.eclipse.jdt.apt.core,3.3.400.v20100513-0845,"org.eclipse.jdt.apt.core",1284457181109
started,bundle,org.eclipse.jdt.apt.pluggable.core,1.0.300.v20100513-0845,"org.eclipse.jdt.apt.pluggable.core",1284457181125
started,bundle,org.eclipse.core.variables,3.2.400.v20100505,"org.eclipse.core.variables",1284457181312
activated,editor,org.codehaus.groovy.eclipse.ui,2.0.2.xx-20100811-1700-e36,"org.codehaus.groovy.eclipse.editor.GroovyEditor",1284457181546
deactivated,workbench,org.eclipse.ui.workbench,3.6.0.I20100603-1100,"",1284457181562
activated,workbench,org.eclipse.ui.workbench,3.6.0.I20100603-1100,"",1284457181562
deactivated,workbench,org.eclipse.ui.workbench,3.6.0.I20100603-1100,"",1284457187515
activated,workbench,org.eclipse.ui.workbench,3.6.0.I20100603-1100,"",1284457187515
deactivated,workbench,org.eclipse.ui.workbench,3.6.0.I20100603-1100,"",1284457187578
activated,workbench,org.eclipse.ui.workbench,3.6.0.I20100603-1100,"",1284457190625
deactivated,workbench,org.eclipse.ui.workbench,3.6.0.I20100603-1100,"",1284457190765
activated,workbench,org.eclipse.ui.workbench,3.6.0.I20100603-1100,"",1284457349484
activated,view,org.eclipse.ui.navigator.resources,3.4.200.I20100601-0800,"org.eclipse.ui.navigator.ProjectExplorer",1284457350500
deactivated,workbench,org.eclipse.ui.workbench,3.6.0.I20100603-1100,"",1284457357078
activated,workbench,org.eclipse.ui.workbench,3.6.0.I20100603-1100,"",1284457436546
activated,editor,org.codehaus.groovy.eclipse.ui,2.0.2.xx-20100811-1700-e36,"org.codehaus.groovy.eclipse.editor.GroovyEditor",1284457436562
error,log,,,"Unable to create editor ID com.springsource.sts.grails.editor.gsp.editor: No editor descriptor for id com.springsource.sts.grails.editor.gsp.editor",1284457438328
opened,editor,,,"com.springsource.sts.grails.editor.gsp.editor",1284457438328
opened,editor,,,"com.springsource.sts.grails.editor.gsp.editor",1284457438328
activated,editor,,,"com.springsource.sts.grails.editor.gsp.editor",1284457438359
no handler,command,org.eclipse.ui,3.6.0.I20100603-1100,"org.eclipse.ui.file.refresh",1284457440171
no handler,command,org.eclipse.ui,3.6.0.I20100603-1100,"org.eclipse.ui.file.refresh",1284457441078
started,bundle,org.eclipse.jdt.junit.core,3.6.0.v20100526-0800,"org.eclipse.jdt.junit.core",1284457444515
activated,editor,org.codehaus.groovy.eclipse.ui,2.0.2.xx-20100811-1700-e36,"org.codehaus.groovy.eclipse.editor.GroovyEditor",1284457444781
closed,editor,,,"com.springsource.sts.grails.editor.gsp.editor",1284457444781
started,bundle,org.eclipse.jdt.junit,3.6.0.v20100526-0800,"org.eclipse.jdt.junit",1284457444812
deactivated,workbench,org.eclipse.ui.workbench,3.6.0.I20100603-1100,"",1284457446015
activated,workbench,org.eclipse.ui.workbench,3.6.0.I20100603-1100,"",1284457447125
error,log,,,"Unable to create editor ID com.springsource.sts.grails.editor.gsp.editor: No editor descriptor for id com.springsource.sts.grails.editor.gsp.editor",1284457447140
opened,editor,,,"com.springsource.sts.grails.editor.gsp.editor",1284457447140
opened,editor,,,"com.springsource.sts.grails.editor.gsp.editor",1284457447140
activated,editor,,,"com.springsource.sts.grails.editor.gsp.editor",1284457447171
activated,editor,org.codehaus.groovy.eclipse.ui,2.0.2.xx-20100811-1700-e36,"org.codehaus.groovy.eclipse.editor.GroovyEditor",1284457448203
closed,editor,,,"com.springsource.sts.grails.editor.gsp.editor",1284457448203
opened,editor,org.codehaus.groovy.eclipse.ui,2.0.2.xx-20100811-1700-e36,"org.codehaus.groovy.eclipse.editor.GroovyEditor",1284457448890
activated,editor,org.codehaus.groovy.eclipse.ui,2.0.2.xx-20100811-1700-e36,"org.codehaus.groovy.eclipse.editor.GroovyEditor",1284457448937
activated,view,org.eclipse.ui.navigator.resources,3.4.200.I20100601-0800,"org.eclipse.ui.navigator.ProjectExplorer",1284457449796
closed,editor,org.codehaus.groovy.eclipse.ui,2.0.2.xx-20100811-1700-e36,"org.codehaus.groovy.eclipse.editor.GroovyEditor",1284457449796
closed,editor,org.codehaus.groovy.eclipse.ui,2.0.2.xx-20100811-1700-e36,"org.codehaus.groovy.eclipse.editor.GroovyEditor",1284457449812
closed,editor,,,"org.eclipse.wst.css.core.csssource.source",1284457449812
opened,editor,org.codehaus.groovy.eclipse.ui,2.0.2.xx-20100811-1700-e36,"org.codehaus.groovy.eclipse.editor.GroovyEditor",1284457457859
activated,editor,org.codehaus.groovy.eclipse.ui,2.0.2.xx-20100811-1700-e36,"org.codehaus.groovy.eclipse.editor.GroovyEditor",1284457457921
executed,command,org.eclipse.ui,3.6.0.I20100603-1100,"org.eclipse.ui.file.save",1284457467562
started,bundle,org.eclipse.wst.common.project.facet.core,1.4.100.v201005190114,"org.eclipse.wst.common.project.facet.core",1284457467671
deactivated,workbench,org.eclipse.ui.workbench,3.6.0.I20100603-1100,"",1284457468718
activated,workbench,org.eclipse.ui.workbench,3.6.0.I20100603-1100,"",1284458865000
activated,view,org.eclipse.ui.navigator.resources,3.4.200.I20100601-0800,"org.eclipse.ui.navigator.ProjectExplorer",1284458865015
opened,editor,org.codehaus.groovy.eclipse.ui,2.0.2.xx-20100811-1700-e36,"org.codehaus.groovy.eclipse.editor.GroovyEditor",1284458865281
activated,editor,org.codehaus.groovy.eclipse.ui,2.0.2.xx-20100811-1700-e36,"org.codehaus.groovy.eclipse.editor.GroovyEditor",1284458865343
activated,view,org.eclipse.ui.navigator.resources,3.4.200.I20100601-0800,"org.eclipse.ui.navigator.ProjectExplorer",1284458876265
activated,editor,org.codehaus.groovy.eclipse.ui,2.0.2.xx-20100811-1700-e36,"org.codehaus.groovy.eclipse.editor.GroovyEditor",1284458877296
deactivated,workbench,org.eclipse.ui.workbench,3.6.0.I20100603-1100,"",1284458885953
activated,workbench,org.eclipse.ui.workbench,3.6.0.I20100603-1100,"",1284458901171
started,bundle,org.eclipse.pde.launching,3.6.0.v20100601,"org.eclipse.pde.launching",1284458933843
started,bundle,org.eclipse.ui.views.log,1.0.100.v20100423,"org.eclipse.ui.views.log",1284458933843
started,bundle,org.eclipse.pde.ui,3.6.0.v20100601,"org.eclipse.pde.ui",1284458933859
started,bundle,org.eclipse.mylyn.java.tasks,3.4.0.v20100608-0100-e3x,"org.eclipse.mylyn.java.tasks",1284458950843
executed,command,org.eclipse.ui,3.6.0.I20100603-1100,"org.eclipse.ui.edit.copy",1284458950875
executed,command,org.eclipse.ui,3.6.0.I20100603-1100,"org.eclipse.ui.edit.paste",1284458952250
executed,command,org.eclipse.jdt.ui,3.6.0.v20100602-1600,"org.eclipse.jdt.ui.edit.text.java.format",1284458956078
executed,command,org.eclipse.jdt.ui,3.6.0.v20100602-1600,"org.eclipse.jdt.ui.edit.text.java.format",1284458958093
executed,command,org.eclipse.ui,3.6.0.I20100603-1100,"org.eclipse.ui.edit.delete",1284458962109
executed,command,org.eclipse.ui,3.6.0.I20100603-1100,"org.eclipse.ui.edit.delete",1284458962468
executed,command,org.eclipse.ui,3.6.0.I20100603-1100,"org.eclipse.ui.edit.delete",1284458962640
executed,command,org.eclipse.ui,3.6.0.I20100603-1100,"org.eclipse.ui.edit.delete",1284458962796
executed,command,org.eclipse.ui,3.6.0.I20100603-1100,"org.eclipse.ui.file.save",1284458983984
activated,view,org.eclipse.ui.navigator.resources,3.4.200.I20100601-0800,"org.eclipse.ui.navigator.ProjectExplorer",1284458992765
opened,editor,org.eclipse.ui.editors,3.6.0.v20100520-0800,"org.eclipse.ui.DefaultTextEditor",1284459010312
activated,editor,org.eclipse.ui.editors,3.6.0.v20100520-0800,"org.eclipse.ui.DefaultTextEditor",1284459010390
activated,editor,org.codehaus.groovy.eclipse.ui,2.0.2.xx-20100811-1700-e36,"org.codehaus.groovy.eclipse.editor.GroovyEditor",1284459026468
deactivated,workbench,org.eclipse.ui.workbench,3.6.0.I20100603-1100,"",1284459027890
activated,workbench,org.eclipse.ui.workbench,3.6.0.I20100603-1100,"",1284459029062
closed,workbench,org.eclipse.ui.workbench,3.6.0.I20100603-1100,"",1284459029203
stopped,bundle,org.eclipse.mylyn.ide.ant,3.4.0.v20100608-0100-e3x,"org.eclipse.mylyn.ide.ant",1284459030125
stopped,bundle,org.eclipse.e4.tools.emf.editor3x,0.9.0.v20100724-1630,"org.eclipse.e4.tools.emf.editor3x",1284459030125
stopped,bundle,org.eclipse.e4.tools,0.9.0.v20100724-2030,"org.eclipse.e4.tools",1284459030125
stopped,bundle,org.eclipse.e4.tools.ui.designer,0.9.0.v20100722-1200,"org.eclipse.e4.tools.ui.designer",1284459030125
stopped,bundle,org.eclipse.e4.xwt.tools.ui.designer,0.9.1.v20100720-1930,"org.eclipse.e4.xwt.tools.ui.designer",1284459030125
stopped,bundle,org.eclipse.e4.xwt.tools.ui.designer.core,0.9.1.v20100617-2100,"org.eclipse.e4.xwt.tools.ui.designer.core",1284459030125
stopped,bundle,org.eclipse.e4.xwt.tools.ui.editor,0.9.0.v20100617-2100,"org.eclipse.e4.xwt.tools.ui.editor",1284459030125
stopped,bundle,org.eclipse.e4.xwt.tools.ui,0.9.0.v20100617-2100,"org.eclipse.e4.xwt.tools.ui",1284459030125
stopped,bundle,org.scala-ide.sdt.core,1.0.0.201009010421,"org.scala-ide.sdt.core",1284459030125
stopped,bundle,org.scala-ide.sdt.aspects,1.0.0.201009010421,"org.scala-ide.sdt.aspects",1284459030125
stopped,bundle,org.eclipse.pde.api.tools.ui,1.0.200.v20100601-1815,"org.eclipse.pde.api.tools.ui",1284459030125
stopped,bundle,org.eclipse.pde.ds.ui,1.0.100.v20100601,"org.eclipse.pde.ds.ui",1284459030125
stopped,bundle,org.eclipse.pde.runtime,3.4.200.v20100601,"org.eclipse.pde.runtime",1284459030125
stopped,bundle,org.eclipse.pde.ua.ui,1.0.100.v20100504,"org.eclipse.pde.ua.ui",1284459030125
stopped,bundle,org.eclipse.pde.ui.templates,3.4.200.v20100601,"org.eclipse.pde.ui.templates",1284459030125
stopped,bundle,org.eclipse.pde.ui,3.6.0.v20100601,"org.eclipse.pde.ui",1284459030125
stopped,bundle,org.eclipse.ant.ui,3.5.0.v20100427,"org.eclipse.ant.ui",1284459030125
stopped,bundle,org.eclipse.ant.launching,1.0.0.v20100427,"org.eclipse.ant.launching",1284459030125
stopped,bundle,org.eclipse.compare.win32,1.0.100.I20100505-1245,"org.eclipse.compare.win32",1284459030125
stopped,bundle,org.eclipse.equinox.p2.ui.sdk,1.0.100.v20100513,"org.eclipse.equinox.p2.ui.sdk",1284459030125
stopped,bundle,org.eclipse.mylyn.java.tasks,3.4.0.v20100608-0100-e3x,"org.eclipse.mylyn.java.tasks",1284459030125
stopped,bundle,org.eclipse.mylyn.java.ui,3.4.0.v20100608-0100-e3x,"org.eclipse.mylyn.java.ui",1284459030125
stopped,bundle,org.codehaus.groovy.eclipse.astviews,2.0.2.xx-20100811-1700-e36,"org.codehaus.groovy.eclipse.astviews",1284459030125
stopped,bundle,org.codehaus.groovy.eclipse.codeassist.completion,2.0.2.xx-20100811-1700-e36,"org.codehaus.groovy.eclipse.codeassist.completion",1284459030125
stopped,bundle,org.codehaus.groovy.eclipse.ui,2.0.2.xx-20100811-1700-e36,"org.codehaus.groovy.eclipse.ui",1284459030125
stopped,bundle,org.eclipse.jdt.junit,3.6.0.v20100526-0800,"org.eclipse.jdt.junit",1284459030125
stopped,bundle,org.eclipse.jdt.apt.ui,3.3.300.v20100513-0845,"org.eclipse.jdt.apt.ui",1284459030125
stopped,bundle,org.eclipse.jdt.debug.ui,3.5.0.v20100602-0830,"org.eclipse.jdt.debug.ui",1284459030140
stopped,bundle,org.codehaus.groovy.eclipse.refactoring,2.0.2.xx-20100811-1700-e36,"org.codehaus.groovy.eclipse.refactoring",1284459030140
stopped,bundle,org.eclipse.contribution.weaving.jdt,2.1.1.e36x-20100831-1400,"org.eclipse.contribution.weaving.jdt",1284459030140
stopped,bundle,org.eclipse.jdt.ui,3.6.0.v20100602-1600,"org.eclipse.jdt.ui",1284459030187
stopped,bundle,org.eclipse.wst.dtd.ui,1.0.500.v201004290328,"org.eclipse.wst.dtd.ui",1284459030187
stopped,bundle,org.eclipse.wst.xsd.ui,1.2.303.v201004290328,"org.eclipse.wst.xsd.ui",1284459030187
stopped,bundle,org.eclipse.e4.xwt.vex,0.9.1.v20100627-1530,"org.eclipse.e4.xwt.vex",1284459030187
stopped,bundle,org.eclipse.wst.xml.ui,1.1.100.v201006030742,"org.eclipse.wst.xml.ui",1284459030187
stopped,bundle,org.eclipse.wst.common.ui,1.1.500.v200911190730,"org.eclipse.wst.common.ui",1284459030187
stopped,bundle,org.eclipse.wst.sse.ui,1.2.0.v201006030742,"org.eclipse.wst.sse.ui",1284459030187
stopped,bundle,org.eclipse.e4.emf.javascript.ui,0.9.0.v20091023-1600,"org.eclipse.e4.emf.javascript.ui",1284459030187
stopped,bundle,org.eclipse.wst.jsdt.ui,1.1.0.v201005200157,"org.eclipse.wst.jsdt.ui",1284459030203
stopped,bundle,org.eclipse.search,3.6.0.v20100520-0800,"org.eclipse.search",1284459030234
stopped,bundle,org.eclipse.mylyn.team.ui,3.4.0.v20100608-0100-e3x,"org.eclipse.mylyn.team.ui",1284459030234
stopped,bundle,org.eclipse.ui.navigator.resources,3.4.200.I20100601-0800,"org.eclipse.ui.navigator.resources",1284459030234
stopped,bundle,org.eclipse.ltk.ui.refactoring,3.5.0.v20100526-0800,"org.eclipse.ltk.ui.refactoring",1284459030234
stopped,bundle,org.eclipse.team.cvs.ui,3.3.300.I20100526-0800,"org.eclipse.team.cvs.ui",1284459030234
stopped,bundle,org.eclipse.ui.resources.semantic,0.1.0.v20100506-0936,"org.eclipse.ui.resources.semantic",1284459030234
stopped,bundle,org.eclipse.team.svn.ui,0.7.9.I20100512-1900,"org.eclipse.team.svn.ui",1284459030234
stopped,bundle,org.eclipse.egit.ui,0.8.4,"org.eclipse.egit.ui",1284459030234
stopped,bundle,org.eclipse.team.ui,3.5.100.I20100527-0800,"org.eclipse.team.ui",1284459030234
stopped,bundle,org.eclipse.mylyn.bugzilla.ui,3.4.0.v20100730-0100-e3x,"org.eclipse.mylyn.bugzilla.ui",1284459030234
stopped,bundle,org.eclipse.mylyn.ide.ui,3.4.0.v20100608-0100-e3x,"org.eclipse.mylyn.ide.ui",1284459030234
stopped,bundle,org.eclipse.mylyn.resources.ui,3.4.0.v20100730-0100-e3x,"org.eclipse.mylyn.resources.ui",1284459030234
stopped,bundle,org.eclipse.mylyn.wikitext.tasks.ui,1.3.0.v20100730-0100-e3x,"org.eclipse.mylyn.wikitext.tasks.ui",1284459030234
stopped,bundle,org.eclipse.mylyn.context.ui,3.4.0.v20100730-0100-e3x,"org.eclipse.mylyn.context.ui",1284459030234
stopped,bundle,org.eclipse.mylyn.help.ui,3.4.0.v20100730-0100-e3x,"org.eclipse.mylyn.help.ui",1284459030234
stopped,bundle,org.eclipse.mylyn.tasks.bugs,3.4.0.v20100804-0100-e3x,"org.eclipse.mylyn.tasks.bugs",1284459030234
stopped,bundle,org.eclipse.mylyn.tasks.ui,3.4.1.v20100730-0100-e3x,"org.eclipse.mylyn.tasks.ui",1284459030234
stopped,bundle,org.eclipse.compare,3.5.100.I20100526-0800,"org.eclipse.compare",1284459030234
stopped,bundle,org.eclipse.ui.externaltools,3.2.0.v20100427,"org.eclipse.ui.externaltools",1284459030234
stopped,bundle,org.eclipse.debug.ui,3.6.0.v20100601-1530,"org.eclipse.debug.ui",1284459030250
stopped,bundle,org.eclipse.mylyn.wikitext.ui,1.3.0.v20100608-0100-e3x,"org.eclipse.mylyn.wikitext.ui",1284459030250
stopped,bundle,org.eclipse.ui.console,3.5.0.v20100526,"org.eclipse.ui.console",1284459030250
stopped,bundle,org.eclipse.mylyn.commons.ui,3.4.0.v20100608-0100-e3x,"org.eclipse.mylyn.commons.ui",1284459030250
stopped,bundle,org.eclipse.ui.editors,3.6.0.v20100520-0800,"org.eclipse.ui.editors",1284459030250
stopped,bundle,org.eclipse.wst.common.snippets,1.2.0.v201004290255,"org.eclipse.wst.common.snippets",1284459030250
stopped,bundle,org.eclipse.ui.workbench.texteditor,3.6.0.v20100520-0800,"org.eclipse.ui.workbench.texteditor",1284459030250
stopped,bundle,org.eclipse.compare.core,3.5.100.I20100526-0800,"org.eclipse.compare.core",1284459030250
stopped,bundle,org.eclipse.e4.tm.ui,0.9.1.v20091029-1300,"org.eclipse.e4.tm.ui",1284459030250
stopped,bundle,org.eclipse.emf.ecore.editor,2.6.0.v20100614-1136,"org.eclipse.emf.ecore.editor",1284459030250
stopped,bundle,org.eclipse.emf.edit.ui,2.6.0.v20100614-1136,"org.eclipse.emf.edit.ui",1284459030250
stopped,bundle,org.eclipse.e4.xwt.tools.ui.palette,0.9.1.v20100617-2100,"org.eclipse.e4.xwt.tools.ui.palette",1284459030250
stopped,bundle,org.eclipse.gef,3.6.0.v20100525-1225,"org.eclipse.gef",1284459030250
stopped,bundle,org.eclipse.emf.common.ui,2.6.0.v20100614-1136,"org.eclipse.emf.common.ui",1284459030250
stopped,bundle,org.eclipse.epp.mpc.ui,1.0.0.v20100611-0430,"org.eclipse.epp.mpc.ui",1284459030250
stopped,bundle,org.eclipse.epp.usagedata.ui,1.3.0.R201005261100,"org.eclipse.epp.usagedata.ui",1284459030250
activated,perspective,org.eclipse.jdt.ui,,"org.eclipse.jdt.ui.JavaPerspective",1287479971578
started,bundle,org.eclipse.osgi,3.6.0.v20100517,"org.eclipse.osgi",1287479971578
started,bundle,org.eclipse.equinox.simpleconfigurator,1.0.200.v20100503,"org.eclipse.equinox.simpleconfigurator",1287479971578
started,bundle,com.ibm.icu,4.2.1.v20100412,"com.ibm.icu",1287479971578
started,bundle,org.eclipse.core.contenttype,3.4.100.v20100505-1235,"org.eclipse.core.contenttype",1287479971578
started,bundle,org.eclipse.core.databinding.observable,1.3.0.I20100601-0800,"org.eclipse.core.databinding.observable",1287479971578
started,bundle,org.eclipse.core.expressions,3.4.200.v20100505,"org.eclipse.core.expressions",1287479971578
started,bundle,org.eclipse.core.filebuffers,3.5.100.v20100520-0800,"org.eclipse.core.filebuffers",1287479971578
started,bundle,org.eclipse.core.filesystem,1.3.0.v20100526-0737,"org.eclipse.core.filesystem",1287479971578
started,bundle,org.eclipse.core.jobs,3.5.0.v20100515,"org.eclipse.core.jobs",1287479971578
started,bundle,org.eclipse.core.net,1.2.100.I20100511-0800,"org.eclipse.core.net",1287479971578
started,bundle,org.eclipse.core.resources,3.6.0.v20100526-0737,"org.eclipse.core.resources",1287479971578
started,bundle,org.eclipse.core.runtime,3.6.0.v20100505,"org.eclipse.core.runtime",1287479971578
started,bundle,org.eclipse.core.runtime.compatibility,3.2.100.v20100505,"org.eclipse.core.runtime.compatibility",1287479971578
started,bundle,org.eclipse.core.runtime.compatibility.auth,3.2.200.v20100517,"org.eclipse.core.runtime.compatibility.auth",1287479971578
started,bundle,org.eclipse.debug.core,3.6.0.v20100519,"org.eclipse.debug.core",1287479971578
started,bundle,org.eclipse.epp.usagedata.gathering,1.3.0.R201005261100,"org.eclipse.epp.usagedata.gathering",1287479971578
started,bundle,org.eclipse.epp.usagedata.recording,1.3.0.R201005261100,"org.eclipse.epp.usagedata.recording",1287479971578
started,bundle,org.eclipse.equinox.app,1.3.0.v20100512,"org.eclipse.equinox.app",1287479971578
started,bundle,org.eclipse.equinox.common,3.6.0.v20100503,"org.eclipse.equinox.common",1287479971578
started,bundle,org.eclipse.equinox.ds,1.2.0.v20100507,"org.eclipse.equinox.ds",1287479971578
started,bundle,org.eclipse.equinox.event,1.2.0.v20100503,"org.eclipse.equinox.event",1287479971578
started,bundle,org.eclipse.equinox.p2.core,2.0.0.v20100510,"org.eclipse.equinox.p2.core",1287479971578
started,bundle,org.eclipse.equinox.p2.directorywatcher,1.0.200.v20100601,"org.eclipse.equinox.p2.directorywatcher",1287479971578
started,bundle,org.eclipse.equinox.p2.engine,2.0.0.v20100606,"org.eclipse.equinox.p2.engine",1287479971578
started,bundle,org.eclipse.equinox.p2.metadata,2.0.0.v20100601,"org.eclipse.equinox.p2.metadata",1287479971578
started,bundle,org.eclipse.equinox.p2.metadata.repository,1.1.0.v20100513,"org.eclipse.equinox.p2.metadata.repository",1287479971578
started,bundle,org.eclipse.equinox.p2.operations,2.0.0.v20100510,"org.eclipse.equinox.p2.operations",1287479971578
started,bundle,org.eclipse.equinox.p2.reconciler.dropins,1.1.0.v20100525,"org.eclipse.equinox.p2.reconciler.dropins",1287479971578
started,bundle,org.eclipse.equinox.p2.repository,2.0.0.v20100519,"org.eclipse.equinox.p2.repository",1287479971578
started,bundle,org.eclipse.equinox.p2.ui.sdk.scheduler,1.0.0.v20100507-1815,"org.eclipse.equinox.p2.ui.sdk.scheduler",1287479971578
started,bundle,org.eclipse.equinox.p2.updatechecker,1.1.100.v20100503a,"org.eclipse.equinox.p2.updatechecker",1287479971578
started,bundle,org.eclipse.equinox.preferences,3.3.0.v20100503,"org.eclipse.equinox.preferences",1287479971578
started,bundle,org.eclipse.equinox.registry,3.5.0.v20100503,"org.eclipse.equinox.registry",1287479971578
started,bundle,org.eclipse.equinox.security,1.0.200.v20100503,"org.eclipse.equinox.security",1287479971578
started,bundle,org.eclipse.equinox.util,1.0.200.v20100503,"org.eclipse.equinox.util",1287479971578
started,bundle,org.eclipse.help,3.5.0.v20100524,"org.eclipse.help",1287479971578
started,bundle,org.eclipse.jdt.core.manipulation,1.3.0.v20100520-0800,"org.eclipse.jdt.core.manipulation",1287479971578
started,bundle,org.eclipse.jdt.launching,3.5.100.v20100526,"org.eclipse.jdt.launching",1287479971578
started,bundle,org.eclipse.jdt.ui,3.6.0.v20100602-1600,"org.eclipse.jdt.ui",1287479971578
started,bundle,org.eclipse.jface,3.6.0.I20100601-0800,"org.eclipse.jface",1287479971578
started,bundle,org.eclipse.jsch.core,1.1.200.I20100505-1245,"org.eclipse.jsch.core",1287479971578
started,bundle,org.eclipse.mylyn.commons.ui,3.4.0.v20100608-0100-e3x,"org.eclipse.mylyn.commons.ui",1287479971578
started,bundle,org.eclipse.mylyn.context.core,3.4.0.v20100608-0100-e3x,"org.eclipse.mylyn.context.core",1287479971578
started,bundle,org.eclipse.mylyn.monitor.ui,3.4.0.v20100608-0100-e3x,"org.eclipse.mylyn.monitor.ui",1287479971578
started,bundle,org.eclipse.mylyn.team.ui,3.4.0.v20100608-0100-e3x,"org.eclipse.mylyn.team.ui",1287479971578
started,bundle,org.eclipse.team.core,3.5.100.I20100527-0800,"org.eclipse.team.core",1287479971578
started,bundle,org.eclipse.team.cvs.core,3.3.300.I20100526-0800,"org.eclipse.team.cvs.core",1287479971578
started,bundle,org.eclipse.team.cvs.ui,3.3.300.I20100526-0800,"org.eclipse.team.cvs.ui",1287479971578
started,bundle,org.eclipse.team.ui,3.5.100.I20100527-0800,"org.eclipse.team.ui",1287479971578
